{
    "accuracy": 0.775810917721519,
    "loss": 1.0401616764219501
}