{
    "accuracy": 0.7856012658227848,
    "loss": 0.8038336464875862
}